snoring_range,respiration_rate,body_temperature,limb_movement_rate,blood_oxygen,eye_movement,sleeping_hours,heart_rate,stress_level
93.8,25.68,33.24,16.6,89.84,99.6,1.84,74.2,3
91.64,25.1,33.08,15.88,89.55,98.88,1.55,72.76,3
60.0,20.0,35.56,10.0,95.0,85.0,7.0,60.0,1
85.76,23.54,32.65,13.92,88.77,96.92,0.77,68.84,3
48.12,17.25,36.6,6.5,96.25,72.48,8.25,53.12,0
56.88,19.38,35.21,9.38,94.06,83.44,6.38,58.44,1
47.0,16.8,36.22,5.6,95.8,68.0,7.8,52.0,0
50.0,18.0,37.22,8.0,97.0,80.0,9.0,55.0,0
45.28,16.11,35.65,4.22,95.11,61.12,7.11,50.28,0
55.52,19.1,35.06,9.1,93.66,82.76,6.1,57.76,1
73.44,21.34,34.08,11.34,91.34,91.72,4.02,63.36,2
59.28,19.86,35.48,9.86,94.78,84.64,6.86,59.64,1
48.6,17.44,36.76,6.88,96.44,74.4,8.44,53.6,0
96.29,26.29,29.64,17.14,82.43,100.36,0.0,75.72,4
87.8,24.08,32.8,14.6,89.04,97.6,1.04,70.2,3
52.32,18.46,34.7,8.46,92.7,81.16,5.46,56.16,1
52.64,18.53,34.74,8.53,92.79,81.32,5.53,56.32,1
86.24,23.66,32.68,14.08,88.83,97.08,0.83,69.16,3
81.56,22.42,32.34,12.52,88.21,95.52,0.21,66.04,3
63.68,20.37,33.54,10.37,90.37,86.84,2.55,60.92,2
77.6,21.76,34.31,11.76,91.76,93.8,4.64,64.4,2
77.28,21.73,34.29,11.73,91.73,93.64,4.59,64.32,2
69.76,20.98,33.88,10.98,90.98,89.88,3.46,62.44,2
88.04,24.14,32.82,14.68,89.07,97.68,1.07,70.36,3
89.96,24.66,32.96,15.32,89.33,98.32,1.33,71.64,3
53.68,18.74,34.85,8.74,93.1,81.84,5.74,56.84,1
78.56,21.86,34.36,11.86,91.86,94.28,4.78,64.64,2
50.96,18.19,34.55,8.19,92.29,80.48,5.19,55.48,1
94.76,25.94,33.32,16.92,89.97,99.92,1.97,74.84,3
62.08,20.21,33.45,10.21,90.21,86.04,2.31,60.52,2
49.12,17.65,36.93,7.3,96.65,76.48,8.65,54.12,0
96.26,26.26,29.62,17.13,82.38,100.32,0.0,75.64,4
47.68,17.07,36.45,6.14,96.07,70.72,8.07,52.68,0
99.9,29.9,32.16,18.95,87.86,104.88,0.0,84.76,4
60.0,20.0,33.33,10.0,90.0,85.0,2.0,60.0,2
86.72,23.79,32.72,14.24,88.9,97.24,0.9,69.48,3
48.48,17.39,36.72,6.78,96.39,73.92,8.39,53.48,0
98.53,28.53,31.2,18.26,85.79,103.16,0.0,81.32,4
46.12,16.45,35.93,4.9,95.45,64.48,7.45,51.12,0
98.72,28.72,31.33,18.36,86.08,103.4,0.0,81.8,4
60.96,20.1,33.39,10.1,90.1,85.48,2.14,60.24,2
65.6,20.56,33.64,10.56,90.56,87.8,2.84,61.4,2
75.36,21.54,34.19,11.54,91.54,92.68,4.3,63.84,2
49.28,17.71,36.98,7.42,96.71,77.12,8.71,54.28,0
73.28,21.33,34.07,11.33,91.33,91.64,3.99,63.32,2
98.91,28.91,31.47,18.46,86.37,103.64,0.0,82.28,4
62.88,20.29,33.49,10.29,90.29,86.44,2.43,60.72,2
97.66,27.66,30.6,17.83,84.5,102.08,0.0,79.16,4
56.72,19.34,35.19,9.34,94.02,83.36,6.34,58.36,1
96.58,26.58,29.84,17.29,82.86,100.72,0.0,76.44,4
49.6,17.84,37.09,7.68,96.84,78.4,8.84,54.6,0
53.6,18.72,34.84,8.72,93.08,81.8,5.72,56.8,1
93.2,25.52,33.2,16.4,89.76,99.4,1.76,73.8,3
46.84,16.74,36.17,5.47,95.74,67.36,7.74,51.84,0
56.08,19.22,35.12,9.22,93.82,83.04,6.22,58.04,1
75.68,21.57,34.2,11.57,91.57,92.84,4.35,63.92,2
97.54,27.54,30.51,17.77,84.3,101.92,0.0,78.84,4
92.84,25.42,33.17,16.28,89.71,99.28,1.71,73.56,3
87.56,24.02,32.78,14.52,89.01,97.52,1.01,70.04,3
58.48,19.7,35.39,9.7,94.54,84.24,6.7,59.24,1
98.34,28.34,31.07,18.17,85.5,102.92,0.0,80.84,4
81.08,22.29,32.3,12.36,88.14,95.36,0.14,65.72,3
46.6,16.64,36.09,5.28,95.64,66.4,7.64,51.6,0
61.6,20.16,33.42,10.16,90.16,85.8,2.24,60.4,2
96.45,26.45,29.76,17.22,82.67,100.56,0.0,76.12,4
50.24,18.05,34.47,8.05,92.07,80.12,5.05,55.12,1
49.92,17.97,37.2,7.94,96.97,79.68,8.97,54.92,0
60.48,20.05,33.36,10.05,90.05,85.24,2.07,60.12,2
99.14,29.14,31.62,18.57,86.7,103.92,0.0,82.84,4
48.28,17.31,36.65,6.62,96.31,73.12,8.31,53.28,0
50.48,18.1,34.5,8.1,92.14,80.24,5.1,55.24,1
96.19,26.19,29.58,17.1,82.29,100.24,0.0,75.48,4
57.68,19.54,35.3,9.54,94.3,83.84,6.54,58.84,1
45.16,16.06,35.61,4.13,95.06,60.64,7.06,50.16,0
48.68,17.47,36.78,6.94,96.47,74.72,8.47,53.68,0
98.02,28.02,30.84,18.01,85.02,102.52,0.0,80.04,4
96.8,26.8,30.0,17.4,83.2,101.0,0.0,77.0,4
56.48,19.3,35.16,9.3,93.94,83.24,6.3,58.24,1
90.08,24.69,32.97,15.36,89.34,98.36,1.34,71.72,3
96.0,26.0,29.44,17.0,82.0,100.0,0.0,75.0,4
50.64,18.13,34.52,8.13,92.19,80.32,5.13,55.32,1
50.56,18.11,34.51,8.11,92.17,80.28,5.11,55.28,1
53.92,18.78,34.88,8.78,93.18,81.96,5.78,56.96,1
96.67,26.67,29.91,17.34,83.01,100.84,0.0,76.68,4
68.32,20.83,33.8,10.83,90.83,89.16,3.25,62.08,2
54.88,18.98,34.99,8.98,93.46,82.44,5.98,57.44,1
52.4,18.48,34.71,8.48,92.72,81.2,5.48,56.2,1
51.6,18.32,34.62,8.32,92.48,80.8,5.32,55.8,1
92.48,25.33,33.15,16.16,89.66,99.16,1.66,73.32,3
98.24,28.24,31.0,18.12,85.36,102.8,0.0,80.6,4
65.12,20.51,33.62,10.51,90.51,87.56,2.77,61.28,2
86.6,23.76,32.71,14.2,88.88,97.2,0.88,69.4,3
68.0,20.8,33.78,10.8,90.8,89.0,3.2,62.0,2
99.81,29.81,32.09,18.9,87.71,104.76,0.0,84.52,4
45.2,16.08,35.62,4.16,95.08,60.8,7.08,50.2,0
63.2,20.32,33.51,10.32,90.32,86.6,2.48,60.8,2
98.27,28.27,31.02,18.14,85.41,102.84,0.0,80.68,4
75.2,21.52,34.18,11.52,91.52,92.6,4.28,63.8,2
76.96,21.7,34.28,11.7,91.7,93.48,4.54,64.24,2
80.0,22.0,32.22,12.0,88.0,95.0,0.0,65.0,3
99.62,29.62,31.96,18.81,87.42,104.52,0.0,84.04,4
97.22,27.22,30.29,17.61,83.82,101.52,0.0,78.04,4
45.04,16.02,35.57,4.03,95.02,60.16,7.02,50.04,0
97.38,27.38,30.4,17.69,84.06,101.72,0.0,78.44,4
53.52,18.7,34.84,8.7,93.06,81.76,5.7,56.76,1
61.44,20.14,33.41,10.14,90.14,85.72,2.22,60.36,2
62.24,20.22,33.46,10.22,90.22,86.12,2.34,60.56,2
79.2,21.92,34.4,11.92,91.92,94.6,4.88,64.8,2
96.96,26.96,30.11,17.48,83.44,101.2,0.0,77.4,4
54.4,18.88,34.93,8.88,93.32,82.2,5.88,57.2,1
68.96,20.9,33.83,10.9,90.9,89.48,3.34,62.24,2
96.61,26.61,29.87,17.3,82.91,100.76,0.0,76.52,4
47.44,16.98,36.37,5.95,95.98,69.76,7.98,52.44,0
90.56,24.82,33.0,15.52,89.41,98.52,1.41,72.04,3
66.88,20.69,33.72,10.69,90.69,88.44,3.03,61.72,2
97.92,27.92,30.78,17.96,84.88,102.4,0.0,79.8,4
68.64,20.86,33.81,10.86,90.86,89.32,3.3,62.16,2
76.0,21.6,34.22,11.6,91.6,93.0,4.4,64.0,2
49.52,17.81,37.06,7.62,96.81,78.08,8.81,54.52,0
54.96,18.99,35.0,8.99,93.49,82.48,5.99,57.48,1
55.28,19.06,35.03,9.06,93.58,82.64,6.06,57.64,1
90.32,24.75,32.99,15.44,89.38,98.44,1.38,71.88,3
97.31,27.31,30.36,17.66,83.97,101.64,0.0,78.28,4
58.08,19.62,35.34,9.62,94.42,84.04,6.62,59.04,1
83.6,22.96,32.49,13.2,88.48,96.2,0.48,67.4,3
98.11,28.11,30.91,18.06,85.17,102.64,0.0,80.28,4
98.21,28.21,30.98,18.1,85.31,102.76,0.0,80.52,4
65.76,20.58,33.65,10.58,90.58,87.88,2.86,61.44,2
57.2,19.44,35.24,9.44,94.16,83.6,6.44,58.6,1
97.57,27.57,30.53,17.78,84.35,101.96,0.0,78.92,4
68.8,20.88,33.82,10.88,90.88,89.4,3.32,62.2,2
47.8,17.12,36.49,6.24,96.12,71.2,8.12,52.8,0
97.18,27.18,30.27,17.59,83.78,101.48,0.0,77.96,4
92.72,25.39,33.16,16.24,89.7,99.24,1.7,73.48,3
59.68,19.94,35.52,9.94,94.9,84.84,6.94,59.84,1
48.56,17.42,36.74,6.85,96.42,74.24,8.42,53.56,0
48.36,17.34,36.68,6.69,96.34,73.44,8.34,53.36,0
78.08,21.81,34.34,11.81,91.81,94.04,4.71,64.52,2
96.74,26.74,29.96,17.37,83.1,100.92,0.0,76.84,4
47.72,17.09,36.46,6.18,96.09,70.88,8.09,52.72,0
71.36,21.14,33.96,11.14,91.14,90.68,3.7,62.84,2
81.44,22.38,32.33,12.48,88.19,95.48,0.19,65.96,3
78.4,21.84,34.36,11.84,91.84,94.2,4.76,64.6,2
49.32,17.73,37.0,7.46,96.73,77.28,8.73,54.32,0
68.48,20.85,33.8,10.85,90.85,89.24,3.27,62.12,2
46.92,16.77,36.2,5.54,95.77,67.68,7.77,51.92,0
48.76,17.5,36.81,7.01,96.5,75.04,8.5,53.76,0
45.08,16.03,35.58,4.06,95.03,60.32,7.03,50.08,0
45.12,16.05,35.6,4.1,95.05,60.48,7.05,50.12,0
50.32,18.06,34.48,8.06,92.1,80.16,5.06,55.16,1
88.52,24.27,32.85,14.84,89.14,97.84,1.14,70.68,3
47.88,17.15,36.52,6.3,96.15,71.52,8.15,52.88,0
96.86,26.86,30.04,17.43,83.3,101.08,0.0,77.16,4
96.1,26.1,29.51,17.05,82.14,100.12,0.0,75.24,4
49.0,17.6,36.89,7.2,96.6,76.0,8.6,54.0,0
64.64,20.46,33.59,10.46,90.46,87.32,2.7,61.16,2
93.32,25.55,33.21,16.44,89.78,99.44,1.78,73.88,3
74.56,21.46,34.14,11.46,91.46,92.28,4.18,63.64,2
96.32,26.32,29.67,17.16,82.48,100.4,0.0,75.8,4
98.78,28.78,31.38,18.39,86.18,103.48,0.0,81.96,4
98.88,28.88,31.44,18.44,86.32,103.6,0.0,82.2,4
70.56,21.06,33.92,11.06,91.06,90.28,3.58,62.64,2
55.76,19.15,35.08,9.15,93.73,82.88,6.15,57.88,1
66.08,20.61,33.67,10.61,90.61,88.04,2.91,61.52,2
99.39,29.39,31.8,18.7,87.09,104.24,0.0,83.48,4
76.8,21.68,34.27,11.68,91.68,93.4,4.52,64.2,2
46.8,16.72,36.16,5.44,95.72,67.2,7.72,51.8,0
47.28,16.91,36.32,5.82,95.91,69.12,7.91,52.28,0
99.78,29.78,32.07,18.89,87.66,104.72,0.0,84.44,4
100.0,30.0,32.22,19.0,88.0,105.0,0.0,85.0,4
59.6,19.92,35.51,9.92,94.88,84.8,6.92,59.8,1
74.72,21.47,34.15,11.47,91.47,92.36,4.21,63.68,2
71.2,21.12,33.96,11.12,91.12,90.6,3.68,62.8,2
58.16,19.63,35.35,9.63,94.45,84.08,6.63,59.08,1
53.44,18.69,34.83,8.69,93.03,81.72,5.69,56.72,1
52.56,18.51,34.73,8.51,92.77,81.28,5.51,56.28,1
54.32,18.86,34.92,8.86,93.3,82.16,5.86,57.16,1
98.08,28.08,30.89,18.04,85.12,102.6,0.0,80.2,4
92.0,25.2,33.11,16.0,89.6,99.0,1.6,73.0,3
58.88,19.78,35.43,9.78,94.66,84.44,6.78,59.44,1
55.2,19.04,35.02,9.04,93.56,82.6,6.04,57.6,1
53.36,18.67,34.82,8.67,93.01,81.68,5.67,56.68,1
79.04,21.9,34.39,11.9,91.9,94.52,4.86,64.76,2
58.24,19.65,35.36,9.65,94.47,84.12,6.65,59.12,1
46.2,16.48,35.96,4.96,95.48,64.8,7.48,51.2,0
67.04,20.7,33.72,10.7,90.7,88.52,3.06,61.76,2
47.04,16.82,36.24,5.63,95.82,68.16,7.82,52.04,0
73.76,21.38,34.1,11.38,91.38,91.88,4.06,63.44,2
57.04,19.41,35.23,9.41,94.11,83.52,6.41,58.52,1
72.48,21.25,34.03,11.25,91.25,91.24,3.87,63.12,2
52.8,18.56,34.76,8.56,92.84,81.4,5.56,56.4,1
57.28,19.46,35.25,9.46,94.18,83.64,6.46,58.64,1
96.38,26.38,29.71,17.19,82.58,100.48,0.0,75.96,4
88.4,24.24,32.84,14.8,89.12,97.8,1.12,70.6,3
98.3,28.3,31.04,18.15,85.46,102.88,0.0,80.76,4
46.68,16.67,36.12,5.34,95.67,66.72,7.67,51.68,0
45.96,16.38,35.88,4.77,95.38,63.84,7.38,50.96,0
48.64,17.46,36.77,6.91,96.46,74.56,8.46,53.64,0
67.36,20.74,33.74,10.74,90.74,88.68,3.1,61.84,2
88.76,24.34,32.87,14.92,89.17,97.92,1.17,70.84,3
46.36,16.54,36.01,5.09,95.54,65.44,7.54,51.36,0
45.44,16.18,35.7,4.35,95.18,61.76,7.18,50.44,0
48.84,17.54,36.84,7.07,96.54,75.36,8.54,53.84,0
80.0,22.0,34.44,12.0,92.0,95.0,5.0,65.0,2
96.64,26.64,29.89,17.32,82.96,100.8,0.0,76.6,4
45.32,16.13,35.66,4.26,95.13,61.28,7.13,50.32,0
67.68,20.77,33.76,10.77,90.77,88.84,3.15,61.92,2
99.55,29.55,31.91,18.78,87.33,104.44,0.0,83.88,4
58.32,19.66,35.37,9.66,94.5,84.16,6.66,59.16,1
52.08,18.42,34.68,8.42,92.62,81.04,5.42,56.04,1
56.56,19.31,35.17,9.31,93.97,83.28,6.31,58.28,1
82.28,22.61,32.39,12.76,88.3,95.76,0.3,66.52,3
45.48,16.19,35.72,4.38,95.19,61.92,7.19,50.48,0
48.72,17.49,36.8,6.98,96.49,74.88,8.49,53.72,0
93.08,25.49,33.19,16.36,89.74,99.36,1.74,73.72,3
87.44,23.98,32.77,14.48,88.99,97.48,0.99,69.96,3
47.4,16.96,36.36,5.92,95.96,69.6,7.96,52.4,0
77.76,21.78,34.32,11.78,91.78,93.88,4.66,64.44,2
65.28,20.53,33.63,10.53,90.53,87.64,2.79,61.32,2
61.76,20.18,33.43,10.18,90.18,85.88,2.26,60.44,2
59.36,19.87,35.48,9.87,94.81,84.68,6.87,59.68,1
97.09,27.09,30.2,17.54,83.63,101.36,0.0,77.72,4
47.2,16.88,36.29,5.76,95.88,68.8,7.88,52.2,0
55.68,19.14,35.08,9.14,93.7,82.84,6.14,57.84,1
80.12,22.03,32.23,12.04,88.02,95.04,0.02,65.08,3
96.77,26.77,29.98,17.38,83.15,100.96,0.0,76.92,4
61.12,20.11,33.4,10.11,90.11,85.56,2.17,60.28,2
50.0,18.0,34.44,8.0,92.0,80.0,5.0,55.0,1
97.41,27.41,30.42,17.7,84.11,101.76,0.0,78.52,4
45.52,16.21,35.73,4.42,95.21,62.08,7.21,50.52,0
91.4,25.04,33.07,15.8,89.52,98.8,1.52,72.6,3
97.06,27.06,30.18,17.53,83.58,101.32,0.0,77.64,4
57.44,19.49,35.27,9.49,94.23,83.72,6.49,58.72,1
90.44,24.78,33.0,15.48,89.39,98.48,1.39,71.96,3
46.76,16.7,36.14,5.41,95.7,67.04,7.7,51.76,0
45.84,16.34,35.84,4.67,95.34,63.36,7.34,50.84,0
88.64,24.3,32.86,14.88,89.15,97.88,1.15,70.76,3
98.05,28.05,30.87,18.02,85.07,102.56,0.0,80.12,4
83.12,22.83,32.45,13.04,88.42,96.04,0.42,67.08,3
56.64,19.33,35.18,9.33,93.99,83.32,6.33,58.32,1
98.18,28.18,30.96,18.09,85.26,102.72,0.0,80.44,4
93.44,25.58,33.22,16.48,89.79,99.48,1.79,73.96,3
84.44,23.18,32.55,13.48,88.59,96.48,0.59,67.96,3
98.43,28.43,31.13,18.22,85.65,103.04,0.0,81.08,4
80.96,22.26,32.29,12.32,88.13,95.32,0.13,65.64,3
49.08,17.63,36.92,7.26,96.63,76.32,8.63,54.08,0
86.96,23.86,32.74,14.32,88.93,97.32,0.93,69.64,3
79.36,21.94,34.41,11.94,91.94,94.68,4.9,64.84,2
81.2,22.32,32.31,12.4,88.16,95.4,0.16,65.8,3
83.96,23.06,32.52,13.32,88.53,96.32,0.53,67.64,3
51.36,18.27,34.6,8.27,92.41,80.68,5.27,55.68,1
97.25,27.25,30.31,17.62,83.87,101.56,0.0,78.12,4
60.16,20.02,33.34,10.02,90.02,85.08,2.02,60.04,2
82.76,22.74,32.43,12.92,88.37,95.92,0.37,66.84,3
51.12,18.22,34.57,8.22,92.34,80.56,5.22,55.56,1
92.96,25.46,33.18,16.32,89.73,99.32,1.73,73.64,3
74.88,21.49,34.16,11.49,91.49,92.44,4.23,63.72,2
83.48,22.93,32.48,13.16,88.46,96.16,0.46,67.32,3
97.63,27.63,30.58,17.82,84.45,102.04,0.0,79.08,4
69.44,20.94,33.86,10.94,90.94,89.72,3.42,62.36,2
99.87,29.87,32.13,18.94,87.81,104.84,0.0,84.68,4
81.92,22.51,32.36,12.64,88.26,95.64,0.26,66.28,3
73.12,21.31,34.06,11.31,91.31,91.56,3.97,63.28,2
48.88,17.55,36.85,7.1,96.55,75.52,8.55,53.88,0
47.12,16.85,36.26,5.7,95.85,68.48,7.85,52.12,0
56.16,19.23,35.13,9.23,93.85,83.08,6.23,58.08,1
77.44,21.74,34.3,11.74,91.74,93.72,4.62,64.36,2
84.8,23.28,32.58,13.6,88.64,96.6,0.64,68.2,3
74.4,21.44,34.13,11.44,91.44,92.2,4.16,63.6,2
77.92,21.79,34.33,11.79,91.79,93.96,4.69,64.48,2
98.85,28.85,31.42,18.42,86.27,103.56,0.0,82.12,4
99.04,29.04,31.56,18.52,86.56,103.8,0.0,82.6,4
58.56,19.71,35.4,9.71,94.57,84.28,6.71,59.28,1
46.64,16.66,36.1,5.31,95.66,66.56,7.66,51.64,0
98.66,28.66,31.29,18.33,85.98,103.32,0.0,81.64,4
51.92,18.38,34.66,8.38,92.58,80.96,5.38,55.96,1
70.08,21.01,33.89,11.01,91.01,90.04,3.51,62.52,2
89.48,24.53,32.92,15.16,89.26,98.16,1.26,71.32,3
96.93,26.93,30.09,17.46,83.39,101.16,0.0,77.32,4
89.36,24.5,32.92,15.12,89.25,98.12,1.25,71.24,3
94.28,25.81,33.28,16.76,89.9,99.76,1.9,74.52,3
83.36,22.9,32.47,13.12,88.45,96.12,0.45,67.24,3
45.36,16.14,35.68,4.29,95.14,61.44,7.14,50.36,0
94.88,25.97,33.32,16.96,89.98,99.96,1.98,74.92,3
47.24,16.9,36.3,5.79,95.9,68.96,7.9,52.24,0
54.56,18.91,34.95,8.91,93.37,82.28,5.91,57.28,1
89.84,24.62,32.95,15.28,89.31,98.28,1.31,71.56,3
89.0,24.4,32.89,15.0,89.2,98.0,1.2,71.0,3
88.28,24.21,32.84,14.76,89.1,97.76,1.1,70.52,3
64.32,20.43,33.57,10.43,90.43,87.16,2.65,61.08,2
96.48,26.48,29.78,17.24,82.72,100.6,0.0,76.2,4
48.24,17.3,36.64,6.59,96.3,72.96,8.3,53.24,0
97.34,27.34,30.38,17.67,84.02,101.68,0.0,78.36,4
45.88,16.35,35.85,4.7,95.35,63.52,7.35,50.88,0
98.37,28.37,31.09,18.18,85.55,102.96,0.0,80.92,4
49.68,17.87,37.12,7.74,96.87,78.72,8.87,54.68,0
69.12,20.91,33.84,10.91,90.91,89.56,3.37,62.28,2
59.52,19.9,35.5,9.9,94.86,84.76,6.9,59.76,1
76.48,21.65,34.25,11.65,91.65,93.24,4.47,64.12,2
53.12,18.62,34.79,8.62,92.94,81.56,5.62,56.56,1
86.36,23.7,32.69,14.12,88.85,97.12,0.85,69.24,3
49.36,17.74,37.01,7.49,96.74,77.44,8.74,54.36,0
46.0,16.4,35.89,4.8,95.4,64.0,7.4,51.0,0
91.76,25.14,33.09,15.92,89.57,98.92,1.57,72.84,3
65.92,20.59,33.66,10.59,90.59,87.96,2.89,61.48,2
62.56,20.26,33.48,10.26,90.26,86.28,2.38,60.64,2
96.7,26.7,29.93,17.35,83.06,100.88,0.0,76.76,4
72.32,21.23,34.02,11.23,91.23,91.16,3.85,63.08,2
90.92,24.91,33.03,15.64,89.46,98.64,1.46,72.28,3
48.8,17.52,36.82,7.04,96.52,75.2,8.52,53.8,0
85.04,23.34,32.6,13.68,88.67,96.68,0.67,68.36,3
71.04,21.1,33.95,11.1,91.1,90.52,3.66,62.76,2
55.92,19.18,35.1,9.18,93.78,82.96,6.18,57.96,1
45.56,16.22,35.74,4.45,95.22,62.24,7.22,50.56,0
56.8,19.36,35.2,9.36,94.04,83.4,6.36,58.4,1
49.8,17.92,37.16,7.84,96.92,79.2,8.92,54.8,0
95.0,26.0,33.33,17.0,90.0,100.0,2.0,75.0,3
87.2,23.92,32.76,14.4,88.96,97.4,0.96,69.8,3
82.52,22.67,32.41,12.84,88.34,95.84,0.34,66.68,3
48.0,17.2,36.56,6.4,96.2,72.0,8.2,53.0,0
91.16,24.98,33.05,15.72,89.49,98.72,1.49,72.44,3
96.03,26.03,29.47,17.02,82.05,100.04,0.0,75.08,4
71.52,21.15,33.97,11.15,91.15,90.76,3.73,62.88,2
96.06,26.06,29.49,17.03,82.1,100.08,0.0,75.16,4
89.6,24.56,32.93,15.2,89.28,98.2,1.28,71.4,3
99.68,29.68,32.0,18.84,87.52,104.6,0.0,84.2,4
57.6,19.52,35.29,9.52,94.28,83.8,6.52,58.8,1
70.72,21.07,33.93,11.07,91.07,90.36,3.61,62.68,2
49.4,17.76,37.02,7.52,96.76,77.6,8.76,54.4,0
74.08,21.41,34.12,11.41,91.41,92.04,4.11,63.52,2
96.99,26.99,30.13,17.5,83.49,101.24,0.0,77.48,4
49.2,17.68,36.96,7.36,96.68,76.8,8.68,54.2,0
51.04,18.21,34.56,8.21,92.31,80.52,5.21,55.52,1
84.68,23.25,32.57,13.56,88.62,96.56,0.62,68.12,3
98.46,28.46,31.16,18.23,85.7,103.08,0.0,81.16,4
46.24,16.5,35.97,4.99,95.5,64.96,7.5,51.24,0
50.72,18.14,34.52,8.14,92.22,80.36,5.14,55.36,1
47.52,17.01,36.4,6.02,96.01,70.08,8.01,52.52,0
47.08,16.83,36.25,5.66,95.83,68.32,7.83,52.08,0
89.12,24.43,32.9,15.04,89.22,98.04,1.22,71.08,3
45.6,16.24,35.76,4.48,95.24,62.4,7.24,50.6,0
45.68,16.27,35.78,4.54,95.27,62.72,7.27,50.68,0
64.16,20.42,33.56,10.42,90.42,87.08,2.62,61.04,2
92.12,25.23,33.12,16.04,89.62,99.04,1.62,73.08,3
72.64,21.26,34.04,11.26,91.26,91.32,3.9,63.16,2
97.28,27.28,30.33,17.64,83.92,101.6,0.0,78.2,4
49.56,17.82,37.08,7.65,96.82,78.24,8.82,54.56,0
59.44,19.89,35.49,9.89,94.83,84.72,6.89,59.72,1
92.36,25.3,33.14,16.12,89.65,99.12,1.65,73.24,3
97.44,27.44,30.44,17.72,84.16,101.8,0.0,78.6,4
80.72,22.19,32.28,12.24,88.1,95.24,0.1,65.48,3
99.94,29.94,32.18,18.97,87.9,104.92,0.0,84.84,4
99.17,29.17,31.64,18.58,86.75,103.96,0.0,82.92,4
85.16,23.38,32.6,13.72,88.69,96.72,0.69,68.44,3
97.7,27.7,30.62,17.85,84.54,102.12,0.0,79.24,4
75.84,21.58,34.21,11.58,91.58,92.92,4.38,63.96,2
45.0,16.0,35.56,4.0,95.0,60.0,7.0,50.0,0
98.5,28.5,31.18,18.25,85.74,103.12,0.0,81.24,4
64.0,20.4,33.56,10.4,90.4,87.0,2.6,61.0,2
81.32,22.35,32.32,12.44,88.18,95.44,0.18,65.88,3
75.52,21.55,34.2,11.55,91.55,92.76,4.33,63.88,2
52.0,18.4,34.67,8.4,92.6,81.0,5.4,56.0,1
66.4,20.64,33.69,10.64,90.64,88.2,2.96,61.6,2
71.84,21.18,33.99,11.18,91.18,90.92,3.78,62.96,2
99.07,29.07,31.58,18.54,86.61,103.84,0.0,82.68,4
49.24,17.7,36.97,7.39,96.7,76.96,8.7,54.24,0
86.48,23.73,32.7,14.16,88.86,97.16,0.86,69.32,3
46.04,16.42,35.9,4.83,95.42,64.16,7.42,51.04,0
58.96,19.79,35.44,9.79,94.69,84.48,6.79,59.48,1
92.24,25.26,33.13,16.08,89.63,99.08,1.63,73.16,3
97.47,27.47,30.47,17.74,84.21,101.84,0.0,78.68,4
93.92,25.71,33.25,16.64,89.86,99.64,1.86,74.28,3
67.84,20.78,33.77,10.78,90.78,88.92,3.18,61.96,2
46.28,16.51,35.98,5.02,95.51,65.12,7.51,51.28,0
90.2,24.72,32.98,15.4,89.36,98.4,1.36,71.8,3
50.4,18.08,34.49,8.08,92.12,80.2,5.08,55.2,1
70.88,21.09,33.94,11.09,91.09,90.44,3.63,62.72,2
97.79,27.79,30.69,17.9,84.69,102.24,0.0,79.48,4
47.96,17.18,36.54,6.37,96.18,71.84,8.18,52.96,0
56.24,19.25,35.14,9.25,93.87,83.12,6.25,58.12,1
96.16,26.16,29.56,17.08,82.24,100.2,0.0,75.4,4
55.12,19.02,35.01,9.02,93.54,82.56,6.02,57.56,1
61.92,20.19,33.44,10.19,90.19,85.96,2.29,60.48,2
48.08,17.23,36.58,6.46,96.23,72.32,8.23,53.08,0
84.32,23.15,32.54,13.44,88.58,96.44,0.58,67.88,3
47.32,16.93,36.33,5.86,95.93,69.28,7.93,52.32,0
53.04,18.61,34.78,8.61,92.91,81.52,5.61,56.52,1
57.12,19.42,35.24,9.42,94.14,83.56,6.42,58.56,1
84.92,23.31,32.59,13.64,88.66,96.64,0.66,68.28,3
55.04,19.01,35.0,9.01,93.51,82.52,6.01,57.52,1
99.97,29.97,32.2,18.98,87.95,104.96,0.0,84.92,4
57.92,19.58,35.32,9.58,94.38,83.96,6.58,58.96,1
96.9,26.9,30.07,17.45,83.34,101.12,0.0,77.24,4
50.8,18.16,34.53,8.16,92.24,80.4,5.16,55.4,1
98.56,28.56,31.22,18.28,85.84,103.2,0.0,81.4,4
51.84,18.37,34.65,8.37,92.55,80.92,5.37,55.92,1
49.72,17.89,37.13,7.78,96.89,78.88,8.89,54.72,0
83.84,23.02,32.51,13.28,88.51,96.28,0.51,67.56,3
86.84,23.82,32.73,14.28,88.91,97.28,0.91,69.56,3
85.4,23.44,32.62,13.8,88.72,96.8,0.72,68.6,3
80.36,22.1,32.25,12.12,88.05,95.12,0.05,65.24,3
85.64,23.5,32.64,13.88,88.75,96.88,0.75,68.76,3
96.51,26.51,29.8,17.26,82.77,100.64,0.0,76.28,4
78.72,21.87,34.37,11.87,91.87,94.36,4.81,64.68,2
62.72,20.27,33.48,10.27,90.27,86.36,2.41,60.68,2
84.2,23.12,32.53,13.4,88.56,96.4,0.56,67.8,3
56.4,19.28,35.16,9.28,93.92,83.2,6.28,58.2,1
83.24,22.86,32.46,13.08,88.43,96.08,0.43,67.16,3
90.68,24.85,33.01,15.56,89.42,98.56,1.42,72.12,3
76.16,21.62,34.23,11.62,91.62,93.08,4.42,64.04,2
48.2,17.28,36.62,6.56,96.28,72.8,8.28,53.2,0
97.86,27.86,30.73,17.93,84.78,102.32,0.0,79.64,4
98.69,28.69,31.31,18.34,86.03,103.36,0.0,81.72,4
52.24,18.45,34.69,8.45,92.67,81.12,5.45,56.12,1
50.16,18.03,34.46,8.03,92.05,80.08,5.03,55.08,1
45.72,16.29,35.8,4.58,95.29,62.88,7.29,50.72,0
59.12,19.82,35.46,9.82,94.74,84.56,6.82,59.56,1
97.15,27.15,30.24,17.58,83.73,101.44,0.0,77.88,4
81.8,22.48,32.36,12.6,88.24,95.6,0.24,66.2,3
49.88,17.95,37.18,7.9,96.95,79.52,8.95,54.88,0
52.16,18.43,34.68,8.43,92.65,81.08,5.43,56.08,1
98.62,28.62,31.27,18.31,85.94,103.28,0.0,81.56,4
98.4,28.4,31.11,18.2,85.6,103.0,0.0,81.0,4
47.84,17.14,36.5,6.27,96.14,71.36,8.14,52.84,0
48.52,17.41,36.73,6.82,96.41,74.08,8.41,53.52,0
56.0,19.2,35.11,9.2,93.8,83.0,6.2,58.0,1
58.72,19.74,35.41,9.74,94.62,84.36,6.74,59.36,1
48.04,17.22,36.57,6.43,96.22,72.16,8.22,53.04,0
99.74,29.74,32.04,18.87,87.62,104.68,0.0,84.36,4
47.36,16.94,36.34,5.89,95.94,69.44,7.94,52.36,0
97.82,27.82,30.71,17.91,84.74,102.28,0.0,79.56,4
66.56,20.66,33.7,10.66,90.66,88.28,2.98,61.64,2
49.84,17.94,37.17,7.87,96.94,79.36,8.94,54.84,0
72.16,21.22,34.01,11.22,91.22,91.08,3.82,63.04,2
84.08,23.09,32.52,13.36,88.54,96.36,0.54,67.72,3
72.8,21.28,34.04,11.28,91.28,91.4,3.92,63.2,2
77.12,21.71,34.28,11.71,91.71,93.56,4.57,64.28,2
99.46,29.46,31.84,18.73,87.18,104.32,0.0,83.64,4
88.16,24.18,32.83,14.72,89.09,97.72,1.09,70.44,3
52.88,18.58,34.76,8.58,92.86,81.44,5.58,56.44,1
97.89,27.89,30.76,17.94,84.83,102.36,0.0,79.72,4
54.08,18.82,34.9,8.82,93.22,82.04,5.82,57.04,1
57.36,19.47,35.26,9.47,94.21,83.68,6.47,58.68,1
51.2,18.24,34.58,8.24,92.36,80.6,5.24,55.6,1
63.36,20.34,33.52,10.34,90.34,86.68,2.5,60.84,2
97.98,27.98,30.82,17.99,84.98,102.48,0.0,79.96,4
98.75,28.75,31.36,18.38,86.13,103.44,0.0,81.88,4
82.4,22.64,32.4,12.8,88.32,95.8,0.32,66.6,3
66.24,20.62,33.68,10.62,90.62,88.12,2.94,61.56,2
49.76,17.9,37.14,7.81,96.9,79.04,8.9,54.76,0
59.84,19.97,35.54,9.97,94.95,84.92,6.97,59.92,1
87.92,24.11,32.81,14.64,89.06,97.64,1.06,70.28,3
52.48,18.5,34.72,8.5,92.74,81.24,5.5,56.24,1
87.32,23.95,32.76,14.44,88.98,97.44,0.98,69.88,3
55.44,19.09,35.05,9.09,93.63,82.72,6.09,57.72,1
52.96,18.59,34.77,8.59,92.89,81.48,5.59,56.48,1
54.24,18.85,34.92,8.85,93.27,82.12,5.85,57.12,1
53.76,18.75,34.86,8.75,93.13,81.88,5.75,56.88,1
99.58,29.58,31.93,18.79,87.38,104.48,0.0,83.96,4
78.88,21.89,34.38,11.89,91.89,94.44,4.83,64.72,2
97.95,27.95,30.8,17.98,84.93,102.44,0.0,79.88,4
57.52,19.5,35.28,9.5,94.26,83.76,6.5,58.76,1
99.71,29.71,32.02,18.86,87.57,104.64,0.0,84.28,4
60.8,20.08,33.38,10.08,90.08,85.4,2.12,60.2,2
69.92,20.99,33.88,10.99,90.99,89.96,3.49,62.48,2
51.52,18.3,34.61,8.3,92.46,80.76,5.3,55.76,1
91.28,25.01,33.06,15.76,89.5,98.76,1.5,72.52,3
86.12,23.63,32.68,14.04,88.82,97.04,0.82,69.08,3
76.32,21.63,34.24,11.63,91.63,93.16,4.45,64.08,2
56.32,19.26,35.15,9.26,93.9,83.16,6.26,58.16,1
45.4,16.16,35.69,4.32,95.16,61.6,7.16,50.4,0
48.92,17.57,36.86,7.14,96.57,75.68,8.57,53.92,0
94.16,25.78,33.27,16.72,89.89,99.72,1.89,74.44,3
51.76,18.35,34.64,8.35,92.53,80.88,5.35,55.88,1
45.92,16.37,35.86,4.74,95.37,63.68,7.37,50.92,0
91.04,24.94,33.04,15.68,89.47,98.68,1.47,72.36,3
54.8,18.96,34.98,8.96,93.44,82.4,5.96,57.4,1
49.96,17.98,37.21,7.97,96.98,79.84,8.98,54.96,0
51.28,18.26,34.59,8.26,92.38,80.64,5.26,55.64,1
99.36,29.36,31.78,18.68,87.04,104.2,0.0,83.4,4
47.76,17.1,36.48,6.21,96.1,71.04,8.1,52.76,0
46.96,16.78,36.21,5.57,95.78,67.84,7.78,51.96,0
92.6,25.36,33.16,16.2,89.68,99.2,1.68,73.4,3
68.16,20.82,33.79,10.82,90.82,89.08,3.22,62.04,2
61.28,20.13,33.4,10.13,90.13,85.64,2.19,60.32,2
96.83,26.83,30.02,17.42,83.25,101.04,0.0,77.08,4
52.72,18.54,34.75,8.54,92.82,81.36,5.54,56.36,1
82.16,22.58,32.38,12.72,88.29,95.72,0.29,66.44,3
63.04,20.3,33.5,10.3,90.3,86.52,2.46,60.76,2
99.23,29.23,31.69,18.62,86.85,104.04,0.0,83.08,4
63.84,20.38,33.55,10.38,90.38,86.92,2.58,60.96,2
99.42,29.42,31.82,18.71,87.14,104.28,0.0,83.56,4
60.64,20.06,33.37,10.06,90.06,85.32,2.1,60.16,2
59.2,19.84,35.47,9.84,94.76,84.6,6.84,59.6,1
89.72,24.59,32.94,15.24,89.3,98.24,1.3,71.48,3
46.56,16.62,36.08,5.25,95.62,66.24,7.62,51.56,0
50.08,18.02,34.45,8.02,92.02,80.04,5.02,55.04,1
49.16,17.66,36.94,7.33,96.66,76.64,8.66,54.16,0
46.88,16.75,36.18,5.5,95.75,67.52,7.75,51.88,0
83.72,22.99,32.5,13.24,88.5,96.24,0.5,67.48,3
63.52,20.35,33.53,10.35,90.35,86.76,2.53,60.88,2
96.13,26.13,29.53,17.06,82.19,100.16,0.0,75.32,4
80.48,22.13,32.26,12.16,88.06,95.16,0.06,65.32,3
45.8,16.32,35.82,4.64,95.32,63.2,7.32,50.8,0
47.16,16.86,36.28,5.73,95.86,68.64,7.86,52.16,0
99.26,29.26,31.71,18.63,86.9,104.08,0.0,83.16,4
60.32,20.03,33.35,10.03,90.03,85.16,2.05,60.08,2
96.22,26.22,29.6,17.11,82.34,100.28,0.0,75.56,4
99.01,29.01,31.53,18.5,86.51,103.76,0.0,82.52,4
50.88,18.18,34.54,8.18,92.26,80.44,5.18,55.44,1
78.24,21.82,34.35,11.82,91.82,94.12,4.74,64.56,2
89.24,24.46,32.91,15.08,89.23,98.08,1.23,71.16,3
47.92,17.17,36.53,6.34,96.17,71.68,8.17,52.92,0
51.68,18.34,34.63,8.34,92.5,80.84,5.34,55.84,1
46.48,16.59,36.05,5.18,95.59,65.92,7.59,51.48,0
82.04,22.54,32.37,12.68,88.27,95.68,0.27,66.36,3
49.64,17.86,37.1,7.71,96.86,78.56,8.86,54.64,0
46.72,16.69,36.13,5.38,95.69,66.88,7.69,51.72,0
67.52,20.75,33.75,10.75,90.75,88.76,3.13,61.88,2
53.28,18.66,34.81,8.66,92.98,81.64,5.66,56.64,1
45.76,16.3,35.81,4.61,95.3,63.04,7.3,50.76,0
46.4,16.56,36.02,5.12,95.56,65.6,7.56,51.4,0
99.52,29.52,31.89,18.76,87.28,104.4,0.0,83.8,4
46.44,16.58,36.04,5.15,95.58,65.76,7.58,51.44,0
99.2,29.2,31.67,18.6,86.8,104.0,0.0,83.0,4
53.84,18.77,34.87,8.77,93.15,81.92,5.77,56.92,1
79.52,21.95,34.42,11.95,91.95,94.76,4.93,64.88,2
96.54,26.54,29.82,17.27,82.82,100.68,0.0,76.36,4
80.6,22.16,32.27,12.2,88.08,95.2,0.08,65.4,3
79.68,21.97,34.43,11.97,91.97,94.84,4.95,64.92,2
98.94,28.94,31.49,18.47,86.42,103.68,0.0,82.36,4
47.6,17.04,36.42,6.08,96.04,70.4,8.04,52.6,0
81.68,22.45,32.35,12.56,88.22,95.56,0.22,66.12,3
59.92,19.98,35.55,9.98,94.98,84.96,6.98,59.96,1
48.96,17.58,36.88,7.17,96.58,75.84,8.58,53.96,0
48.16,17.26,36.61,6.53,96.26,72.64,8.26,53.16,0
58.4,19.68,35.38,9.68,94.52,84.2,6.68,59.2,1
97.73,27.73,30.64,17.86,84.59,102.16,0.0,79.32,4
70.24,21.02,33.9,11.02,91.02,90.12,3.54,62.56,2
85.28,23.41,32.61,13.76,88.7,96.76,0.7,68.52,3
46.32,16.53,36.0,5.06,95.53,65.28,7.53,51.32,0
54.48,18.9,34.94,8.9,93.34,82.24,5.9,57.24,1
87.68,24.05,32.79,14.56,89.02,97.56,1.02,70.12,3
99.3,29.3,31.73,18.65,86.94,104.12,0.0,83.24,4
80.24,22.06,32.24,12.08,88.03,95.08,0.03,65.16,3
98.82,28.82,31.4,18.41,86.22,103.52,0.0,82.04,4
64.48,20.45,33.58,10.45,90.45,87.24,2.67,61.12,2
99.65,29.65,31.98,18.82,87.47,104.56,0.0,84.12,4
64.96,20.5,33.61,10.5,90.5,87.48,2.74,61.24,2
82.64,22.7,32.42,12.88,88.35,95.88,0.35,66.76,3
46.52,16.61,36.06,5.22,95.61,66.08,7.61,51.52,0
91.88,25.17,33.1,15.96,89.58,98.96,1.58,72.92,3
64.8,20.48,33.6,10.48,90.48,87.4,2.72,61.2,2
49.04,17.62,36.9,7.23,96.62,76.16,8.62,54.04,0
75.04,21.5,34.17,11.5,91.5,92.52,4.26,63.76,2
87.08,23.89,32.75,14.36,88.94,97.36,0.94,69.72,3
76.64,21.66,34.26,11.66,91.66,93.32,4.5,64.16,2
85.88,23.57,32.66,13.96,88.78,96.96,0.78,68.92,3
99.49,29.49,31.87,18.74,87.23,104.36,0.0,83.72,4
51.44,18.29,34.6,8.29,92.43,80.72,5.29,55.72,1
58.0,19.6,35.33,9.6,94.4,84.0,6.6,59.0,1
49.48,17.79,37.05,7.58,96.79,77.92,8.79,54.48,0
70.4,21.04,33.91,11.04,91.04,90.2,3.56,62.6,2
72.96,21.3,34.05,11.3,91.3,91.48,3.94,63.24,2
94.4,25.84,33.29,16.8,89.92,99.8,1.92,74.6,3
54.72,18.94,34.97,8.94,93.42,82.36,5.94,57.36,1
80.84,22.22,32.28,12.28,88.11,95.28,0.11,65.56,3
94.64,25.9,33.31,16.88,89.95,99.88,1.95,74.76,3
91.52,25.07,33.08,15.84,89.54,98.84,1.54,72.68,3
97.6,27.6,30.56,17.8,84.4,102.0,0.0,79.0,4
99.84,29.84,32.11,18.92,87.76,104.8,0.0,84.6,4
85.52,23.47,32.63,13.84,88.74,96.84,0.74,68.68,3
54.16,18.83,34.91,8.83,93.25,82.08,5.83,57.08,1
55.36,19.07,35.04,9.07,93.61,82.68,6.07,57.68,1
46.16,16.46,35.94,4.93,95.46,64.64,7.46,51.16,0
96.42,26.42,29.73,17.21,82.62,100.52,0.0,76.04,4
86.0,23.6,32.67,14.0,88.8,97.0,0.8,69.0,3
79.84,21.98,34.44,11.98,91.98,94.92,4.98,64.96,2
90.8,24.88,33.02,15.6,89.44,98.6,1.44,72.2,3
96.35,26.35,29.69,17.18,82.53,100.44,0.0,75.88,4
55.6,19.12,35.07,9.12,93.68,82.8,6.12,57.8,1
72.0,21.2,34.0,11.2,91.2,91.0,3.8,63.0,2
84.56,23.22,32.56,13.52,88.61,96.52,0.61,68.04,3
59.76,19.95,35.53,9.95,94.93,84.88,6.95,59.88,1
83.0,22.8,32.44,13.0,88.4,96.0,0.4,67.0,3
74.24,21.42,34.12,11.42,91.42,92.12,4.14,63.56,2
45.24,16.1,35.64,4.19,95.1,60.96,7.1,50.24,0
49.44,17.78,37.04,7.55,96.78,77.76,8.78,54.44,0
66.72,20.67,33.71,10.67,90.67,88.36,3.01,61.68,2
54.0,18.8,34.89,8.8,93.2,82.0,5.8,57.0,1
94.52,25.87,33.3,16.84,89.94,99.84,1.94,74.68,3
47.56,17.02,36.41,6.05,96.02,70.24,8.02,52.56,0
47.64,17.06,36.44,6.11,96.06,70.56,8.06,52.64,0
47.48,16.99,36.38,5.98,95.99,69.92,7.99,52.48,0
97.12,27.12,30.22,17.56,83.68,101.4,0.0,77.8,4
69.28,20.93,33.85,10.93,90.93,89.64,3.39,62.32,2
98.98,28.98,31.51,18.49,86.46,103.72,0.0,82.44,4
45.64,16.26,35.77,4.51,95.26,62.56,7.26,50.64,0
99.1,29.1,31.6,18.55,86.66,103.88,0.0,82.76,4
99.33,29.33,31.76,18.66,86.99,104.16,0.0,83.32,4
93.56,25.62,33.23,16.52,89.81,99.52,1.81,74.04,3
57.76,19.55,35.31,9.55,94.33,83.88,6.55,58.88,1
56.96,19.39,35.22,9.39,94.09,83.48,6.39,58.48,1
55.84,19.17,35.09,9.17,93.75,82.92,6.17,57.92,1
48.32,17.33,36.66,6.66,96.33,73.28,8.33,53.32,0
94.04,25.74,33.26,16.68,89.87,99.68,1.87,74.36,3
97.76,27.76,30.67,17.88,84.64,102.2,0.0,79.4,4
67.2,20.72,33.73,10.72,90.72,88.6,3.08,61.8,2
57.84,19.57,35.32,9.57,94.35,83.92,6.57,58.92,1
54.64,18.93,34.96,8.93,93.39,82.32,5.93,57.32,1
93.68,25.65,33.24,16.56,89.82,99.56,1.82,74.12,3
98.59,28.59,31.24,18.3,85.89,103.24,0.0,81.48,4
88.88,24.37,32.88,14.96,89.18,97.96,1.18,70.92,3
73.6,21.36,34.09,11.36,91.36,91.8,4.04,63.4,2
62.4,20.24,33.47,10.24,90.24,86.2,2.36,60.6,2
82.88,22.77,32.44,12.96,88.38,95.96,0.38,66.92,3
59.04,19.81,35.45,9.81,94.71,84.52,6.81,59.52,1
71.68,21.17,33.98,11.17,91.17,90.84,3.75,62.92,2
48.4,17.36,36.69,6.72,96.36,73.6,8.36,53.4,0
46.08,16.43,35.92,4.86,95.43,64.32,7.43,51.08,0
97.02,27.02,30.16,17.51,83.54,101.28,0.0,77.56,4
53.2,18.64,34.8,8.64,92.96,81.6,5.64,56.6,1
65.44,20.54,33.64,10.54,90.54,87.72,2.82,61.36,2
98.14,28.14,30.93,18.07,85.22,102.68,0.0,80.36,4
58.8,19.76,35.42,9.76,94.64,84.4,6.76,59.4,1
69.6,20.96,33.87,10.96,90.96,89.8,3.44,62.4,2
48.44,17.38,36.7,6.75,96.38,73.76,8.38,53.44,0
97.5,27.5,30.49,17.75,84.26,101.88,0.0,78.76,4
58.64,19.73,35.4,9.73,94.59,84.32,6.73,59.32,1
73.92,21.39,34.11,11.39,91.39,91.96,4.09,63.48,2
